filename,GPS_Longitude,GPS_Latitude,GPS_Altitude,ATT_Roll,ATT_Pitch,ATT_Yaw,droneTime_MS,GPS_NSats,GPS_HDop,dt,Speed_m_s
DJI_0330.JPG,41.035627777777776,-2.1811944444444444,16.411,5.6,8.4,-29.4,-9223372036855,15,1.0,0.0,
DJI_0340.JPG,41.0356124872579,-2.1811562181447504,16.157,2.3,4.6,-29.1,-9223372036855,15,1.0,0.0,0.0
DJI_0350.JPG,41.035601196172244,-2.1811359649122806,16.045,2.3,4.8,-29.0,-9223372036855,15,1.0,0.0,0.0
DJI_0360.JPG,41.035590021574976,-2.1811153362099964,15.993,1.5,5.1,-29.0,-9223372036855,15,1.0,0.0,0.0
DJI_0370.JPG,41.03557819885901,-2.1810946074436295,15.936,3.7,5.7,-29.0,-9223372036855,15,1.0,0.0,0.0
