filename,GPS_Longitude,GPS_Latitude,GPS_Altitude,ATT_Roll,ATT_Pitch,ATT_Yaw,droneTime_MS,GPS_NSats,GPS_HDop,GPS_Latitude_Raw,GPS_Longitude_Raw
DJI_0330.JPG,41.035627777777776,-2.1811944444444444,16.411,5.6,8.4,-29.4,1735732800000,15,1.0,-2.1811944444444444,41.035627777777776
DJI_0340.JPG,41.03561111112778,-2.1811527778194444,16.157,2.3,4.6,-29.1,1735732800000,15,1.0,-2.1811527777777777,41.03561111111111
DJI_0350.JPG,41.035600000013886,-2.181133333363889,16.045,2.3,4.8,-29.0,1735732800000,15,1.0,-2.181113888888889,41.03558888888889
DJI_0360.JPG,41.03558888890185,-2.1811129629901234,15.993,1.5,5.1,-29.0,1735732800000,15,1.0,-2.181072222222222,41.03556666666667
DJI_0370.JPG,41.035577083346006,-2.181092361136632,15.936,3.7,5.7,-29.0,1735732800000,15,1.0,-2.181030555555556,41.03554166666667
