filename,GPS_Longitude,GPS_Latitude,GPS_Altitude,ATT_Roll,ATT_Pitch,ATT_Yaw,droneTime_MS,GPS_NSats,GPS_HDop
DJI_0330.JPG,41.035627777777776,-2.1811944444444444,16.41,5.6,8.4,-29.4,1764341225000,15,1.0
DJI_0340.JPG,41.03561111111111,-2.1811527777777777,16.156,2.3,4.6,-29.1,1764341227000,15,1.0
DJI_0350.JPG,41.03558888888889,-2.1811138888888886,16.044,2.3,4.8,-29.0,1764341229000,15,1.0
DJI_0360.JPG,41.03556666666667,-2.181072222222222,15.993,1.5,5.1,-29.0,1764341231000,15,1.0
DJI_0370.JPG,41.03554166666667,-2.1810305555555556,15.936,3.7,5.7,-29.0,1764341233000,15,1.0
